{"cameraMode":{"drawMode":0,"name":"Shaded","section":"Shading Mode"},"sceneLighting":false,"audioPlay":false,"sceneViewState":{"showFog":true,"showMaterialUpdate":false,"showSkybox":false,"showFlares":true,"showImageEffects":true,"showParticleSystems":true},"in2DMode":false,"pivot":{"x":-0.4077033996582031,"y":0.5,"z":-8.591846466064454},"rotation":{"x":-0.6730367541313171,"y":-0.0017771238926798106,"z":0.0016171211609616876,"w":-0.7396051287651062},"size":3.2015621662139894,"orthographic":true}