{"cameraMode":{"drawMode":0,"name":"Shaded","section":"Shading Mode"},"sceneLighting":true,"audioPlay":false,"sceneViewState":{"showFog":false,"showMaterialUpdate":false,"showSkybox":true,"showFlares":false,"showImageEffects":false,"showParticleSystems":false},"in2DMode":false,"pivot":{"x":0.47353172302246096,"y":0.09629344940185547,"z":0.2700667381286621},"rotation":{"x":-0.17612144351005555,"y":0.6969218850135803,"z":-0.1830175518989563,"w":-0.6706617474555969},"size":24.041406631469728,"orthographic":false}